,option_set
Disc Golf - Stock Models,1149
Disc Golf Discs Standard Options,221
Disc Golf Discs Premium Options,123
Disc Golf - Heavy weights only (175 max),72
Weights only,46
Disc Golf - Stock Models [Lightweights / 90-159g],38
Snowboard Sizes Official,37
Disc Golf - Midrange/Wide-diameter,29
Disc Golf Discs Blizzard Options,15
Union Bindings 17/18,13
Boot Size,12
Colors only,11
Disc Golf Vibram Options (no soft),10
Disc Golf - Heavy Weights Only - Midrange/Wide-diameter,9
Color Selection - Misc,8
Disc golf basket option set (general use across brands),7
Sky-Styler Color Options,6
Prodigy Mid-ranges,5
Disc Golf Weights,5
Snowboard Sizes,5
Boot Sizes,4
Weights Only - Heavy Disc Golf Options set,4
Innova McPro Aviar,4
Discraft Z-Lite Options,4
OPTO-X COLORS,4
BUrton Gettagrip Capstrap Sizes,4
Disc Golf - Stock Models [Superclass / Recreational],4
Colors - Miscellaneous / Generic,4
Disc Golf - Stock Models [Weights only],4
Max Weight Only - First run and collector discs,3
Bern Baker Helmet size,3
Discraft Sky-Styler - Rasta,3
Disc Golf Wide Diameter Weight Only Options (up to 180g),3
Discraft Ultra Star Fright Flight Colors,3
Dakine Fillmore Mitt Sizes,3
Disc Golf Event Pro Divisions,3
"Latitude, Dynamic Easy to Use/Throw",3
2017 FPA Sky-Styler Color Options,3
Shop Deck Graphic,3
Innova Firebird Glow Champion - Kiss the Sky 2011,2
dinghy,2
MiniMonsterwheels,2
Funslinger 2017,2
X Disc Colors,2
T-SHIRT SIZES (includes XS),2
Discraft Fierce Jawbreaker First Run,2
Innova DX Fat Tire,2
Hero Disc Super Sonic 215 - Ice Dye,2
Evo Mini Sizes 2015,2
Innova Star Destroyer - McBeth 4x,2
Union Flite Pro Bindings,2
Disc Golf Event Am Divisions,2
Ride EX Binding Size/Color,2
Mutiny 2018/19,2
Avatar Options,2
Disc Golf Color Glow Options,2
Wham-O HDX Freestyle - 165,2
CryZtal Luna - Paul McBeth 5x,2
Union Force Binding Size/Color,2
Salomon Faction Boot Sizes,2
DecoDye lightweight discs,2
Sizes,2
These 66mm Wheel Colors,2
"Pow Glove Sizes S,M,L",2
Ripsaw,2
Innova Metal Flake Atlas - USWDGC 2013,2
Never Summer Flexfit Trucker Hat Sizes,2
DGA Mach Lite,2
Discraft ESP Buzzz PM4x,2
Discraft Sky-Styler - Grateful,2
Celtek Colorado Mitten,2
Innova Pumpkin Roc3,2
Super HeroPack II Innova bag,2
Latitude Air Weights,2
NBkatana ,2
Wooden Key Chain,2
Streamline Cosmic Neutron Lift,2
Abec11 Big Zig Colors,2
icd chlAAkts10,2
Innova Adventure backpack bag,2
icd chKCO,2
Ivy Boa 16/17,2
FLY THE SKY SET,2
Aerobie Superdisc,1
NS Raven Sizes,1
Aerobie Dogobie Colors,1
Discmania D-Line CD - First Run,1
Port-a-Field Goal Lines,1
Innova I-Dyed Katana,1
Discmania P-Line Swirly P2 Imperial Eagle III,1
32Prion2016,1
Session Grenier,1
Innova Champion Gator3,1
Innova Dx Gator Pfn,1
Trilogy Beginner Set,1
Evo 4.0 Sizes 2015,1
Innova Bottle Opener - Discatcher Basket Shape,1
Discraft Starter Set,1
Discmania C MD3 - Crowned Eagle Glow,1
Discmania P P2 - Grateful Disc 2018,1
GNU Carbon Credit Size/Color,1
Coreflex,1
Union ST 2016,1
Innova Star Roc3 - XXL '18,1
Discraft Buzzz Fitted Hat,1
Union Factory Binding Color/Size,1
Innova Champion Thunderbird Dyed - McBeth 4x,1
Burton Custom Flying V Sizes,1
Type Two Size,1
Vibram VP - remaining stock,1
Axiom Envy Cosmic Electron Medium,1
Dynamic Discs Trooper Set - 3 Best Discs pack,1
Ultimate Magnets,1
Innova Champion Firebird - Kiss the Sky 2017,1
Hyperflite Frostbite,1
Discraft Z Buzzz - Liberty Stamp 2017,1
Never Summer Heritage LS Shirt,1
Innova Champion Archon - 2011 Am Worlds,1
ThirtyTwo Binary Boa Boot Sizes,1
Launch2016,1
Discraft Glo Z Buzzz - Halloween 2018,1
Innova Star Destroyer Halloween 2019,1
BlowFly 2 ,1
Union Contact Pro 2016,1
Streamline Cosmic Neutron Drift,1
Millennium Omega SS - Lunar First Run,1
Millennium Q JLS,1
Spin Ultimate T-Shirt - Reach,1
Innova DX Beginner Starter Sets,1
Innova Patches,1
One Jay Ball Snowax (4WD),1
icd JL L3,1
Hyperflite Competition Standard pup size,1
Ultra-Star Grateful Roses,1
Discmania Evolution Exo Soft Tactic - Primal Run,1
Wham-O Heavyweight,1
Discraft Stalker ESP Paige Pierce First Run,1
Discraft UltraStar Mystery 6 Pack,1
icd Stud,1
Invictus Star Stamp,1
T. Rice Pro,1
Trilogy Starter Set,1
Innova Discover backpack bag,1
Discraft Ultra-Star StarWars SuperColor,1
icd star teedevil,1
Misprint Sky-Styler Options,1
TWL T-Shirt - Play Disc Golf design,1
Discmania C-Line DD2 - Kiss the Sky 2015,1
Streamline Proton Trace - First Run,1
TWL Metal Mini - With or without insert,1
Sec 9 Skiddles Wheel Colors,1
Evolution of Disc Golf Sticker - 3 Pack,1
Innova Logo Keychains,1
Innova Champion Thunderbird - McBeth 4x,1
32WmnsExit2016,1
Salomon Synapse Boot Sizes,1
Innova GSTAR Colossus - First Run,1
Aura2016,1
Discmania S-LINE FD Swirly Kyle Griffin,1
Smith Variance Helmet Color,1
Discraft Ultra-Star - Psycho,1
Discmania S-LINE PD - FREAK19,1
Candy Grind CG Glove Size/Color,1
Never Summer SL Sizes (2013),1
icd dxZEPCSU,1
Innova Champion Roc3 Grateful 2013,1
Discraft Complete Advanced Set,1
Discraft Jawbreaker Set ,1
Innova Pin - Innova logo,1
Discmania P2 - Glow P-Line Imperial Eagle ,1
Foxtail Sport,1
Aerobie Superdisc Ultra,1
LaunchBoa2016,1
MVP Portal basket ,1
Discraft ESP Glo Vulture - Turner Tour 2018,1
MVP Proton Atom - Special Edition John Dorn,1
Innova Luster Champion Aviar3 - Torus XXL,1
Streamline Neutron Trace - First Run,1
MVP Neutron Limit - Special Edition,1
DGA Starter bag,1
mil SuperSoft Omega 40,1
Innova Star Rat - Proto star first run,1
Outerspace Living,1
Discmania C-Line PD2 U.S. Masters,1
Blank wood Ultimate trophies,1
Bern Watts Neon Helmet Sizes,1
Latitude Saint Opto Pro McCray,1
X-Wax (Rub-on) Temps,1
Hero Disc Xtra 235 Freestyle Misprints,1
Discmania Blizzard C-Line DD2 - Kiss the Sky 2015,1
Innova Champion Luster Savant - Proto First Run,1
MVP Tri-Lit Disc Lights,1
Blunt glove,1
NS SL SIzes,1
Innova Star Gator Flat Top,1
Corvette Mini Stamp,1
Innova Star Teebird3 - Holiday 2018 Naughty / Nice stamp,1
Arbor Blacklist Sizes,1
Hyzer Bomb Flak bag - Millennium Edition,1
Lib Tech T. Rice Sizes ,1
Discraft Full Foil Buzzz,1
Dynamic Soldier Cooler Bag colors,1
Union Milan 16/17,1
Discmania C-LINE P2 PSYCHO19,1
Innova Glow Champion Drivers Pack,1
ThirtyTwo Wmn's Binary Boa Boot Sizes,1
Union Contact Pro 16/17,1
Salomon Launch Boot Sizes,1
Innova DX Beginner Discover Starter Set - 3 discs,1
Anon Griffon Helmet Sizes,1
Airhole Standard Mask Colors,1
Innova Champion Roc+ Plus - USDGC 2016,1
Innova Star Rat - Mini Stamp Series,1
Union ST 16/17,1
Wham-O Fastback - Chomper MIsprint 6 Pack,1
Malta Mix,1
Innova Star Aviar3 - XXL '18,1
Innova Blizzard Champion Boss Domey,1
Discraft Ultra-Star - Kiss the Sky,1
Smith Maze Helmet Size/Color,1
Dakine Edge Tuner,1
Hyperflite Z-Disc 4 Pack,1
icd chlKA,1
Wham-O Misprint Fastback Dog Disc,1
Discmania P-LINE DD HYSTERIA19,1
Dynamic Classic Guard - First Run,1
Adidas Samba,1
Innova Competition bag,1
icd TDVLTD,1
Sunset Cruiser Wheel Colors,1
Salomon Rhythm Binding Size/Color,1
Innova Champion ROC3 McBeth 2X,1
Discmania S-Line DD3 - First Run,1
LeatherScout2016,1
Discraft Pro D Complete Beginner Set,1
Grateful Skate Bear Pin,1
Innova Luster Champion San Marino Roc - 30 Years,1
Streamline Eclipse Stabilizer  - Special Edition,1
Dynamic Discs Prime Warden - Emac Signature,1
ICD FR SHRYKE,1
Dynamic MyDye Freedom Lucid,1
Dakine Oval Boot Lace Colors,1
Vans_Hi-Standard_Mens_2016,1
Discraft Tri-Panel Sticker,1
Dynamic Cadet Starter Bag colors,1
Lib T. Rice Pro Sizes 2015,1
Hero Disc Value 3 Pack,1
Innova Hat - Adjustable mesh cap,1
Huk Sit Golf Seat,1
Dakine Deluxe Tune Kit,1
Wave MVP Fusion SE,1
Never Summer Fitted Cutout Hat Size,1
LATITUDE 64 LUXURY E3,1
Infinity Sizes 2015,1
cobra2016,1
FPA 2020 SkyStyler Options,1
Fourth phase,1
Dakine Nova Short Gloves,1
XGMitt,1
Union Atlas Bindings,1
Burton Blunt Rental Sizes (2012),1
MVP Photon Cosmic Neutron,1
Union Contact 16/17,1
Salomon Launch Boa,1
PearlyBoa2016,1
icd 113 cTHMcB3,1
Vans boots sizes,1
Nike Black Vapen Boot Sizes,1
Thunderstick,1
Wham-O Mini Basket - 4 Pack and single set,1
VansInfuse2016,1
Ultra-Star and Instructional Kit Combo,1
Meridian,1
Discraft Grip Bag Color,1
Grip B15,1
Hyperflite Jawz X-Comp,1
Innova GStar Boss - Factory Store stamp,1
FD3 Color Glow Discmaniac,1
icd Champion Viking,1
Discraft Screenprinted Micro Fiber Towel,1
DGA Tsunami - Midnight Flyer glow #5,1
Malavita 16/17,1
Vibram Arch - remaining stock,1
Vans_Hi-Standard_womens_2016,1
Streamline Cosmic Neutron Stabilizer,1
Bern Muse Wmns Helmet Color/Size,1
Innova I-Dyed Groove,1
Dynamic Cadet Backpack Starter Box Set,1
CarbonCredit2016,1
Dynamic Discs Fuzion Escape Eric Mccabe,1
icd STAR STAMP ROC X3,1
Mint Cutter Gloves,1
Hyperflite Z Disc,1
Discraft Stock Fly Dye by Model,1
Sector 9 Slalom 69mm Colors,1
Discmania Glow C MD3 - Dark Maul II,1
Innova Mirage Proto Star,1
Aerobie Sprint Ring - 3 Pack,1
Innova Air Force Dry Fit,1
NS Infinity Sizes (2013),1
Ripsaw Sizes 2015,1
Discraft ESP SuperColor Buzzz - Star Wars,1
Discmania C-Line MD5 Glow - Eagle Memorial 2019,1
Spin Ultimate T-Shirt - Just Scoob It,1
Dynamic Sniper backpack,1
Wham-O Frisbee Sonic,1
SimsSnowboard Juice 2017,1
Innova Skill Shot,1
MVP SE Fission Proton,1
Burton Local Mission EST Binding Sizes,1
Launch Lace BOA 19/20 Sz,1
Shredder Size,1
Launch Boa 16/17,1
icd GD39,1
Hyperflite Fang,1
Dynamic Discs Trooper Backpack - New version,1
Discraft Luna - First Run McBeth,1
Prodigy 350RX Light discs,1
Innova DX Beginner Set,1
Latitude Bite Puppy,1
Huk Lab Tri-Fly Hat,1
dis GDSTAR,1
Discmania D P2 - Grateful Disc 2018,1
Mirage Footbag,1
2147-GD2,1
Innova Deluxe bag,1
DGA sticker designs,1
Innova Metal Flake Krait - Masters 2012,1
Innova Star Mako3 Flat Top ,1
Photon 8441_MVP,1
disCar2017,1
Streamline Cosmic Neutron Runaway,1
Innova vinyl sticker,1
Capita Horror Sizes (2012),1
Discraft ESP Buzzz NDTBS,1
Star Wars Box Set,1
Wham-O Eurablend,1
Dynamic Ranger H20 bag options,1
Sims SoFun Snowboard Deck 2017,1
Innova Star Roc - San Marino OOP,1
Spinjammer Pro,1
"Saturnian Gripper Flyer 9"" - Special Designs",1
Innova Star Destroyer - Wysocki Raptor,1
Oakley Mod3,1
Raven Sizes 2015,1
Wham-O Umax - Fat Tire Logo,1
Discraft ESP Zeus First Run PM,1
Discmania S-line P2 Lizotte Swirl,1
BurtonMission2016,1
Innova Star Shryke - mini-stamp,1
Innova Champion ROC3 McBeth 3X,1
DiscorDie,1
Axiom Electron Medium Envy - Alien Special Edition,1
Innova Star Thunderbird - Halloween Pumpkin '15 stamp,1
NVS Tie Dye Logo Longsleeeve Shirt Sizes,1
Discmania S-Line Md2 - Fiend PFN,1
Innova Champion Color Glow Rat,1
Anon Raider Helmet Size/Color 2015,1
Flyin-saucer Poster,1
Innova Star  Bottom Stamp Roc3,1
NS Revolver Sizes (2013),1
Nite Ize NiteHowl,1
Dakine Modular Mat,1
Innova Star Mako3 - Mini Stamp Series,1
Discraft Ultra-Star - Stock Design,1
Never Summer Vinyl Cutout Sticker Sizes,1
Giro Surface Helmet Size/Color,1
Discmania LINK Evolution Primal,1
Millennium Omega SS Options,1
Anon Aera Helmet Sizes,1
DGA Mach Shift disc golf basket,1
Cloudbreaker Mix,1
NS Evo MIni Sizes (2013),1
Oakley Hydrolix Liner Sizes,1
Snowtrooper Sizes 2015,1
Celtek Maya Mitt Sizes,1
Session 2017/18,1
Innova Star Shryke - Double Eagle design '18,1
"Commander Bag Fancy (US Flag, Special Ops)",1
Oakley Factory Glove sizes,1
Innova I-Dyed Firestorm,1
Union Juliet 16/17,1
Discraft Buzzz SS USADGC 16 Options,1
icd XT Colt,1
Innova DX Advanced Discover Starter Set - 4 discs,1
Dynamic Cadet Backpack Bag,1
Discraft Cryztal Comet - Dirty Dozen,1
Caliber Colors,1
Dakine Blockade Sizes,1
Innova Patch ProtoStar,1
Innova Champion VRoc - Proto Star First Run,1
Innova XT Nova Overmold - Paul McBeth 4x,1
Holiday Thrower Minis,1
Ultra-Star Phil Lewis,1
Innova CFR Metal Flake Shark3,1
OrangatangDurian,1
Nike Vapen Boot Sizes Red,1
Dynamic Commander Cooler Bag,1
Discraft ESP Anax - Mcbeth 1060 Rating,1
Union Flite Pro 16/17,1
NS Evo Used Sizes (2013),1
MountainTwin2016,1
Innova Star Wombat3 - First Run Proto,1
icd Star Roc 2,1
CycloneBoard,1
Paratrooper Bag Colors,1
Discraft Nuke ESP Paige Pierce First Run,1
Smith Gage Size/Color,1
Streamline Eclipse Proton Stabilizer,1
Candy Grind CG CO Size/Color,1
Yar Nails,1
Innova Star Boss - 10th Anniversary,1
Apexglove,1
Discraft Z Buzzz SS - USADGC 2015,1
MVP PLASMA WAVE Disc Golf Driver,1
Discraft 3 Pack (Glo Z-Line),1
Innova Starter bag,1
Co-ed Volley,1
T-SHIRT SIZES,1
Discmania MD4 - Stiff P-Line,1
Dynamic Discs Fuzion Renegade Eric Mccabe,1
Evolution of Ultimate Shirt,1
Axiom Glow Proton Envy - Halloween 2018,1
32Bradshaw,1
Innova Star Roc3 Flat Top,1
Daredevil Ultimate discs,1
Hero Disc Value 4 Pack,1
Innova Star Destroyer - XXL '18,1
Hyperflite Jawz full size,1
Axiom  PPyroSE Motor,1
Twenty Five,1
MVP Neutron Atom - Heart of the Chains design,1
Lumen Link Options,1
Innova Metal Flake Mini MFW,1
"Ultimate ""Diving"" T-Shirt Sizes",1
Discraft Tournament bag,1
Dynamic Hybrid Justice 2018 Masters,1
Innova DX Beast - Glow (Old Stamp),1
Latitude 64 Core Bag,1
Discraft Mini Buzzz Supercolor,1
Dakine Torque Driver,1
Candy Grind Colorado Mitt Sizes,1
Prodigy A3 750 Shusterick sig,1
Hive Claw Disc Retriever MVP,1
Wham-O FB6 Fastback - 3 Pack,1
Innova Luster Champion Shark - 30th Anniversary XXL,1
Innova Star Fire Bird Flat Top,1
Warlock,1
Dynamic Discs Ranger Patterns Disc Golf Camp Seat,1
DISCRAFT ESP SWIRL BUZZZ - PRE-MCBETH,1
Discraft ESP HADES - 1ST RUN Paul McBeth,1
Proxy SE Electron,1
Salomon Arcade Binding Sizes,1
Wham-O All Sport,1
Discmania Shimmer S-Line Fd2 - Konopiste Open 2018,1
Innova Champion Roc3 - Peace Sign Disc Golf Together,1
Discraft Anax Set,1
Aerobie Squidgie Ball Colors,1
Innova Champion Firebird Flat Top,1
Ultrafear,1
Latitude 64 Spill Beetle - First Run,1
West2016,1
Innova BullFrog First Run Set,1
North Star Stamps,1
Horroscope 16/17,1
Discmania S DD Swirl - Grateful Disc 2018,1
Innova I-Dyed Monarch,1
Innova Discatcher Pro,1
Attack Banana,1
Insta/Gator,1
Innova Patch Leopard3,1
Chairman Sizes,1
Pow Royal GTX Mitt Size/Color,1
Arbor Slide Glove Colors,1
KevlarGlove,1
RandalColor,1
Wham-O Junior Ultimate Outreach Kit,1
Oakley Hydrolix Size and Color,1
Lib Tech La Nina Sizes,1
Sky God Lizotte C P2 Discmania,1
MINI BUZZZ OPTIONS,1
Shop Deck (double kick shortboard),1
des FROSE,1
Kids Disc Golf Starter Set - Super Light,1
Innova Zephyr Star,1
Discraft Z Force - Paul McBeth 5x,1
Grateful Disc Hat - Flexfit,1
X-zylo Gyroscope,1
Latitude Bite Adult size,1
Hero Disc Supersonic,1
Infinity2016,1
Nike Kaiju Boot Sizes,1
Discraft ESP Anax - First Run Paul McBeth,1
Oakley Core Windstopper Glove Sizes,1
Never Summer Mtn Sticker Sizes,1
Onyx Sizes 2015,1
DD Soldier Bag,1
Luxury E4 Bag,1
Axiom Neutron Tantrum - Artist Series John DornAxiom Neutron Tantrum - Artist Series John Dorn,1
Women's Volley,1
dorado,1
Union Flite Pro 20/21,1
Dynamic DIscs Lucid Sergeant First Run,1
dm cMD4,1
Innova Champion Destroyer - 2015 Grateful Disc,1
Hyperflite Jawz Hyperflex Pup,1
Innova Champion Roc+ Plus - USDGC 2013,1
CANDYGRIND PARK GLOVE SIZE/COLOR,1
Innova Starter Set Colors,1
MVP Neutron Dimension - Zam Special Edition,1
Innova Teebird Patch Cursive Lettering,1
Pow Tallac mittens,1
Innova Echo Star Discs,1
Discraft Crystal Drone,1
Union Rosa Binding size/color,1
Oakley Polartec Mid Sizes,1
NS Proto HD Sizes,1
FPA 2020 100mold Option Set,1
Aksels Colorado Sticker,1
Nite Ize Flashflight Disc-o,1
MVP Electron Atom Skullboy,1
SkateBanana2016,1
Colorado Flag Golf Discs,1
Dynamic Discs Disc Golf Camp Seat,1
Celtek Hangover Mask Colors,1
Innova DX Glow Discs Set - 3 pack,1
Innova Champion Roc3 McBeth 1x,1
NS Heritage Sizes,1
Innova DX Roc - Pumpkin Halloween '16,1
Discmania Blizzard Heavy Weights Only,1
2147-GD1,1
Landyachz Gloves,1
HawgsTracers,1
Innova DX Wraith - Glow (Old Stamp),1
Capita Ultrafear Sizes,1
Innova Aviar (DX) CSU DG 2020,1
MF Katana 2015,1
Discraft Pro D Challenger - Rebel Alliance,1
dis custfett,1
Discraft Mini Marker Disc 3 Pack,1
Millennium Sirius Scorpius - Barsby Sig,1
Discmania Cloud Breaker,1
Heritage Sizes,1
Innova Champion Glow Cobra,1
Travis Rice Union 16/17,1
Hyperflite Fang-X,1
Innova Sticker - Swoosh logo,1
Axiom Proton Crave Halloween 2019,1
Lib Tech Lando Sizes,1
Hyperflite Puppy Variety 3 Pack,1
Never Summer USA Eagle LS Shirt,1
Discraft D Line Challengr - Star Wars Design 2,1
Innova DX Valkyrie - Glow (Old Stamp),1
Grip Disc Golf Bags - A Series,1
dis dXLkts99,1
icd dxBBkts13,1
Giro Combyn Helmet Size/Color,1
Dynamic Lucid Convict - Pro Worlds 2016,1
Nike Women's Vapen Boot Sizes,1
Westside VIP Gatekeeper - First Run,1
Roach Brodie Stamps,1
DISCRAFT CUSTOM 2016 FPA SKY STYLER COLORS,1
FPA 2019 100mold Option Set,1
Spinjammer 100,1
dis Eclipse,1
Innova Glow Roc3 CSU 2020,1
Discmania Wrist Bands,1
Streamline Electron Pilot - Limited Edition,1
Ride Lasso 16/17,1
Innova Champion Roc3 - McBeth 4x,1
Innova Patch Bar Stamp,1
dis XCYkts95,1
NS Infinity Sizes,1
Burton Cartel Size/Color,1
Rhythem Bindings,1
Aerobie Orbiter Boomerang,1
Gripper Flyer Sizes,1
Burton Feather Sizes (2012),1
icd Star Orc,1
Anon Rodan Helmet SIze/Color,1
Pow Wmns Gem Size/Color,1
HackMitt2016,1
Foxtail LED,1
Charger2016,1
Union STR 20/21,1
TWL T-Shirt -  Kiss the Sky Mountain,1
Latitude Diamond,1
Zuca all-terrain cart options,1
Innova Star Stud - First Run Proto,1
db_cruiser,1
Discmania S-Line TDX - First Run,1
Dynamic Bag Straps,1
BUrton MIssion Local Binding Sizes,1
Innova Aviar Trucker Hat,1
Disc golf basket (Colorado shipping only - general use across brands),1
Innova Classic Aviar (DX) Lucky 2020 Design,1
Paradise,1
Wham-O Glow Fastback Dog Disc,1
Discmania Evolution Hat,1
Sector 9 72mm colors,1
Discmania C-Line DD2 - Grateful Disc 2015,1
Innova Star Aviar3 - Mini Series stamp,1
Nike Vapen Boot Sizes/Colors,1
Vibram Valley - remaining stock,1
PhillyMitten,1
DiscGivings Division Selection,1
MudLOVE mugs,1
Discmania S-Line CD2 Aspen KTS 2019,1
Innova Champion Firestorm - Proto First Run,1
DGA SP Quake - First Flight,1
Dakine Mission Pack Colors,1
"Latitude, Dynamic Easy to Use/Throw (weight only)",1
WarnarGTX2016,1
icd exXS,1
9ball61,1
Axiom Electron Soft Envy - Alien Special Edition,1
Innova Leopard3 (Champion) CSU DG 2020,1
Burton Social Sizes (2011),1
swirly_option_set_import,1
Wood Keychain Tags,1
Aerobie Orbiter 3 Pack,1
Discraft ESP Glo Buzzz - Doss Tour 2018,1
Innova Star Starfire - PFN,1
OrangatangInTheHeat,1
Discraft Chainstar (all styles),1
Innova Champion First Run Shark3,1
Innova DX Advanced Starter Sets,1
Smith Holt Helmet Size/Color,1
Aerobie Skylighter,1
Discraft UltraStar - Recycled,1
Discmania Variety Sampler Pack Set,1
icd dx cheetah,1
icd VK 4X,1
DGA Elite Shield,1
Vibram Soft Disc Models,1
Never Summer Premier LS Shirt,1
Innova Champion Roc + 2013 USDGC,1
Camino2016,1
Discmania C MD3 - Slashes Eagle Glow,1
TRS2016,1
dis 4JULY,1
B-Nice,1
Ride KS Binding Size/Color,1
Transfilmer2016,1
Innova Driver Mini,1
Adidas Blauvelt Snowboard boot,1
Discmania Glow C MD4 - Crescent Falcon II Lizotte,1
Prodigy350RXD1,1
Innova Discarrier bag,1
Nite Ize TwistLit,1
Innova I-Dyed Rhyno,1
Latitude Gold Blitz,1
Vibram Ibex - remaining stock,1
Innova Star Leopard3 Mini Stamp,1
Innova Pumpkin Gstar Drivers,1
Never Summer Proto CTX,1
Innova Star AviarX3 - Proto stamp,1
Discraft Z Force - PM - 1st run,1
Discraft Shirt - Paul McBeth PM logo,1
Never Summer Proto LS Shirt,1
Axiom Neutron Virus - Skullboy Design,1
topshelf69,1
Salomon Rhythm Binding color/size,1
DecoDye wide-diameter discs (midranges),1
Latitude Opto Halo - Jesper Lundmark Stamps,1
DGA hat bullet logo options,1
Discmania C-Line Luster FD CA2CO,1
HeroPack,1
Innova Champion Barracuda,1
Disc Golf Weights (165 - 170),1
Vibram Vamp - remaining stock,1
Discraft ESP Swirl Raptor PUTS,1
whamo NAS 81,1
Innova Pumpkin Atlas,1
Discmania Glow D P2 - Halloween 2018,1
Discraft Z Buzzz - Doss Tour 2018,1
Streamline Neutron Runway - Special Edition,1
Dynamic Discs Scented Warden,1
Genesis 16/17,1
Innova Glow DX Aviar - Pumpkin Halloween '18,1
MVP Event Horizon Basket Light Colors,1
Discraft Ti Buzzz - Worlds Stamp 2015,1
MVP Premium Starter Set,1
Bern Lenox Wmns Helmet Size/Color,1
CAPITA DOA 2018/2019,1
Reptile Discfunction - Champ Options,1
Innova STAR VALKYRIE KTS 99,1
Spin Ultimate T-Shirt - Pulse,1
icd Star Roc,1
Ptex Drip Candle Colors,1
"Huk Lab Tri-Fly Patch 3""",1
highline,1
NS Evo Sizes (2013),1
Dakine Zephyr Glove Sizes,1
Innova Star Destroyer - XXL Stargate,1
Paris 180mm Truck Colors,1
Dynamic Truth - Dye,1
Rooundhouse2016,1
Discmania Starter bag,1
Port-a-field,1
9ball72,1
Hyperflite Hyperflex,1
Never Summer Maverix S,1
Discraft Full Foil Buzzz - Star Wars,1
dis CY99GDJ,1
Nike Zoom Force Boot Sizes,1
Dakine Peace Stud Colors,1
Celtek Vertical Mitt Sizes,1
Innova Roc3 CSU 2020,1
Hyzer Bomb Frontline Sabot - Swirly Bradley Williams Signature,1
Innova Blizzard Fat Tire Teedevil,1
Innova PVCobra,1
NS Cobra Sizes,1
ICD R3 GD,1
NS Onyx Sizes,1
icd Star Coyote,1
Discraft ESP Glo Thrasher - Valarie Jenkins Tour 2018,1
Innova Halloween Dyed Teebirds,1
Dakine Skyline Mitt Sizes,1
Discraft ESP XL - Recent stamp,1
icd Star Spider,1
Discmania C-Line MD3 - Metal Flake Glow Iron Samurai,1
Sims Blade 2017,1
Wham-O FPA 100 Mold 2012,1
Innova I-Dyed Leopard,1
Salomon Pearl Boa Wmn's Boot Sizes,1
Gullwing Sidewinder II Colors,1
Innova Star Rat - Double Eagle Design,1
GNU Carbon Credit Size/Color (2013),1
Buzzz Stock pickem,1
Trooper2016,1
Union Contact Pro Bindings,1
Foxtail Fetch,1
Innova DX Aviar - Peace Sign Disc Golf Together,1
Dynamic Discs Special Edition Criminal,1
Nite Ize Flashflight colors,1
Ride Rodeo 16/17,1
Arbor Coda Sizes,1
Easy-GO,1
Innova Champion Firestorm - XXL Two Color Stamp,1
Innova Star Thunderbird - Mini Series stamp,1
Skate Banana,1
Axiom Proton Mayhem - Special Edition Punk Big Wheel ,1
Burton Bomber Laces Colors,1
GunnarGlove,1
Discraft Z Zone - Paul McBeth 5x,1
Commander Bag Basic,1
MVP Voyager Bag,1
Discraft Tournament Backpack bag,1
Celtek Neptune Glove Size/Color,1
icd Star Eagle,1
Pow Royal GTX winter gloves size/color,1
Streamline Starter Set,1
Snowtrooper 2017,1
Adidas Samba Boot Sizes,1
Wham-O FPA 100 Mold 2017,1
Discmania C-LINE PD2 Ghost,1
Innova Star Leopard - US Flag design,1
Never Summer Heritage Zip Hoodie,1
Bern Watts Helmet size/color,1
UFO Glow Tape Rings,1
Discmania C-Line FD Glow - Night Strike II - Nate Perkins,1
Innova Champion Roc3 - Grateful 2017,1
Fort Collins Horsetooth Sunset Tshirt,1
Discraft ESP Glo Crank - Barham Tour 2018,1
ZeroMitt2016,1
Wham-O Trac Ball - 3 Pack,1
Disc Golf Event Int / Rec Divisions,1
Discmania DD3 Echo S-Line Special Edition,1
Wham-O Max Flight,1
"Huk Lab Tri-Fly Patch 2""",1
Axiom Starter Set,1
Innova Star Shryke - Innfuse Halloween 2018,1
Firebird I-dye,1
Discraft PM proto KONG options,1
MiniZombieHawgs,1
BHNC,1
NS Revolver Used Sizes (2013),1
Innova Star Firestorm - Holiday design,1
Union T. Rice Binding Sizes,1
Wham-O FPA 100 Mold 2013,1
Discmania C-Line MD5 - First Run,1
Rovic RV1D Disc Golf Cart,1
Innova Star Manta - First Run Proto,1
ATV series,1
Airblaster Gypster Glove Colors,1
Capita Space Metal Sizes,1
Aura 2017,1
Discmania C FD - Nate Perkins Night Strike Glow,1
OrangatangKeanu,1
Innova Champion First Run Mako3,1
Innova I-Dyed Shryke,1
Lib Attack Banana Sizes 2015,1
Innova Standard Set,1
Innova DX Zephyr - 190-200g,1
Innova Star Destroyer Domey,1
VerticalMitten,1
Hyperflite Sofflite,1
Innova Hat - Air Force Mesh Set,1
Innova Star Firebird - Mini Series Stamp,1
Dynamic Fuzion Suspect Eric McCabe Signature ,1
Innova Champion Roc+ USDGC - 2015 Big Bird,1
dis 83GDSFF,1
Discraft Sol Z-Line Paige Pierce First Run,1
Hyperflite Jawz 3 Pack,1
Nike Vapen Women's Boot Sizes,1
vic DISCIE,1
dis dCYkts99,1
Oakley Power Stretch Sizes,1
Randal II Sizes,1
Wham-O Fat Tire Recycled Frisbee,1
Pow Link Glove Sizes,1
Discmania S-Line FD3 DoomBird3,1
Innova Disc Golf Together Peace Tshirt,1
Discraft Full Foil Ultra-Star,1
Proto HD Sizes 2015,1
Innova Star Teebird - Mini Series stamp,1
icd Gator,1
Proto2016,1
Dakine Circle Mat,1
Burton Mission EST Binding Sizes,1
DecoDye regular weight discs,1
FillmoreTrigger2016,1
Innova Star Road Runner Flat,1
Latitude 64 Core Set - 4 Best Discs pack,1
Dynamic Discs Fuzion Burst Judge - Paige Bjerkaas 2018,1
Never Summer USA SS Shirt,1
Discraft Soft Ultra-Star,1
Innova Pulsar,1
Innova sticker sheet,1
CANDYGRIND WORKMANS MITT SIZE/COLOR,1
Grip Disc Golf Bags - C-14 Agile Series,1
Red Feather 2015 Disc Golf Event Am Divisions,1
Discmania SG-Line Md1,1
minidinghy,1
TantoTrigger2016,1
Discraft Custom Designs Ultra Star - Single,1
xai XDISC,1
Dynamic Lucid Hand Eye Truth,1
Streamline Neutron Lift - Limited Edition,1
INNOVA DISCATCHER MINI DISC GOLF BASKET,1
Vibram Notch - remaining stock,1
Chairman2016,1
Flagship2016,1
Vincent Van Throw shirts,1
Cloud Breaker 2 Mix 2,1
Evolution of Disc Golf Shirt Options,1
NS Revolver Sizes,1
Discraft Chainstar Lite,1
CG Street Liner Sizes,1
Prodigy350RXD3,1
Discraft Ti Undertaker - Paul McBeth 4x - First Run,1
Zuca disc golf cart options,1
Innova Star Caiman - Proto FR,1
Discraft UltraStar Mystery 4 Pack,1
Discmania S-LINE FD Swirly Grateful Skeleton Horse,1
Anon Blitz Helmet Size/Color,1
disGDCD82,1
GNU Carbon Credit 2015 color/size,1
Innova Limited Swirl Thunderbird,1
Never Summer Heritage Pullover Hoodie ,1
swellhound,1
Phil Lewis Golf,1
Onyx 2016,1
Innova Longsleeve Shirt - Air Force ,1
Tug Boat Graphic,1
Innova big kahuna,1
Discraft ESP Avenger SS - Paul McBeth 5x,1
Discmania D-Line FD - RFO 2015,1
Never Summer Heritage SS Shirt,1
icd ROSES SHRYKE,1
Union Expedition 20/21,1
Disc Golf Sticker Mystery Pack,1
NIke Zoom Force 1 Boot Sizes,1
Oakley Trigger Mitt Sizes,1
Innova Blizzard Katana - Grateful 2013,1
Caliber Truck Colors,1
Dirtbag 26 Footbag,1
icd star firebird,1
Premium Dog Disc 3 Pack,1
2019 Shop Deck Options,1
USO16 Choices,1
Innova Aviar Driver (Glow Champion) Big Bead CSU DG 2020,1
Innova McPro Roc3,1
Innova DX RocX3 - Pumpkin Halloween '18,1
Launch Lace 16/17,1
Innova Blizzard Dyed Set,1
Innova Traveler,1
Hyperflite Jawz pup size,1
Innova Champion Destroyer Jolly Launcher,1
Innova Roc Stretch Fit hat,1
NS Legacy Sizes (2014),1
Innova DX Advanced Discover Starter Set - 3 discs,1
Daredevil Frostie Ultimate disc,1
Wham-O Coaster Ring,1
Discraft Prototype Mid-Range - Paul McBeth,1
Innova Champion Thunderbird - Icicle Holiday Design,1
Burton Nug Restricted (2012),1
WFA Greatful Dead Rose Footbag,1
Halloween 2020 Glow Z Buzzz,1
Innova Pin - Innova Proto Star,1
Innova Floating Discs Set,1
ASSASSIN SIZES,1
Foxtail Softie,1
Streamline Metal Mini - driver shape,1
Discmania S-Line CD3,1
Discraft Flag Fly Dye Set by Model,1
Pat Moore ,1
Discraft Hat - Paul McBeth PM Trucker,1
MVP AXIOM PLASMA LIMITED DESIGN SE,1
Innova Glow Set - 4 Pack,1
Innova Star Roc3 - Mini-Series Stamp,1
Innova DX Dragon,1
Innova Mini TMFW Glow and Swirl,1
Orangatang Kilmer Wheel Colors,1
DGA MNF Weight Ranges,1
Celtek Ace Glove Sizes,1
Union Rosa 16/17,1
Discraft Buzzz - Glo Z Halloween 2019,1
Celtek Bandit Mask Colors,1
Discraft Paige Pierce Prototype Putter Swirls,1
Innova Star Mini,1
Lib Tech Jaime Lynn Sizes,1
MVP Fission Volt Skulboy,1
Wham-O Junior Instructional Ultimate Discs,1
Wmns Proto Type Two,1
Never Summer Fitted Hat,1
Innova Champion Valkyrie Jolly Launcher,1
Innova Playing Cards,1
Sector 9 9 ball 70mm colors,1
West 2017,1
2016 Shop Deck (double kick) Sizes,1
DiscDiver Golden Retreiver,1
Innova DX Beginner Discover Starter Set - 4 discs,1
Innova Foxbat - First Run,1
Wood Coaster Mini ,1
Cobra Sizes 2015,1
Discmania C-Line FD2 - First Run 2019 Retool,1
NS SL Sizes (2012),1
Orangatang4President,1
Vapor Tactic Options,1
Wham-O FPA 100 Mold 2018,1
Hero Disc Air 235 - Dia De Los Perros Halloween,1
Millennium QUANTUM POLARIS LS 1.3,1
Hyperflite Competition Standard full size,1
Wham-O FB6 Stock Version,1
Union Force 16/17,1
Innova Standard Bag,1
Bear Grizzly Truck Colors,1
Men's Volley,1
Millennium Sirius Falcon First Run,1
Fort Collins Bikes Tshirt,1
Never Summer CO Eagle Hoodie,1
MVP Metal Mini - driver shape,1
Butron Tri-Scraper Colors,1
Glow Discs,1
Wham-O Freestyle Frisbee,1
Reptile Discfunction - DX Options,1
Never Summer Premier SS Shirt,1
Wham-O Ultimate,1
Latitude Gold XXX - Lollipop Special Edition,1
Oakley Pipe Glove Size/Color,1
Discraft Buzzz Snapback Hat,1
Gateway Band Stamp,1
MVP Cosmic Neutron Wave,1
Gumbputt powerdrive,1
Bantam,1
Huk Lab Huk Sit Bright Colors Mesh,1
Discraft Full Foil Buzzz - Worlds 2018,1
Gateway Voodoo,1
Night Flight Lights,1
Discraft Z Zone - Paul McBeth 4x - First Run,1
Discraft Undertaker Z-Line Paige Pierce First Run,1
Swift,1
Burton Bullet Tool,1
DIscraft D Line Challenger - Star Wars Designs,1
Gateway tour bag,1
Discraft Z Zombee First Run,1
Capita Totally Fkn Awesome Sizes,1
Axiom Neutron Delirium,1
Discraft ESP Rattler - Dan Ginnelly Tour Memorial 2020,1
Grateful Snow Bear Pin,1
Discraft ESP Swirl Comet MJTS,1
Dynamic Ranger bag options,1
Urban Native,1
Burton Blunt Sizes (2012),1
Never Summer Ripsaw Sizes,1
Innova 2x Gstar Krait,1
Streamline Neutron Pilot - Limited Edition,1
Streamline Cosmic Neutron Flare,1
des FLCSUC,1
Lib Skunk Ape Sizes 2015,1
Orangatang Moronga Wheel Colors,1
Ride KX Size/Color,1
Jess Kimura,1
GalleryMitten,1
Innova Luster Champion Destroyer - US Open 2016,1
Discraft ESP Buzzz - Gallery Supercolor,1
Discmania C-Line MD4 - Metal Flake,1
Innova Star VCobra - First Run Proto,1
Innova Star Shryke - XXL '18,1
Zone Freaky Cryztal,1
Infinity 2017,1
Discmania S-Line CD2 - Swirly Dana Vicich,1
GrandSlamDestroyer,1
Innova Corvette Star Stamp Set,1
32Lashed2016,1
Axiom Vanish - Halloween Spider 2016,1
Innova Star Rhyno SAN Marino Mold,1
Cartel 16/17,1
Discraft Ti Undertaker - Paul McBeth 5x,1
GNU Binding Sizes,1
Axiom Pro disc golf basket,1
icd MF Roc3,1
NS Premier F1 Sizes (2013),1
RoundhouseMitts2016,1
Oakley Mod5,1
Salomon Women's Pearl Sizes,1
Wham-O Fastback Dog Disc - 3 Pack,1
Nite Ize BetterBand,1
CG Shell Shocker Size/Color,1
